Entity,Code,Year,Aquaculture_production
China,CHN,2020,70483540.0
Indonesia,IDN,2020,14845014.0
India,IND,2020,8641286.0
Vietnam,VNM,2020,4681435.0
Bangladesh,BGD,2020,2583866.0
South Korea,KOR,2020,2334232.2
Philippines,PHL,2020,2322831.5
Egypt,EGY,2020,1591896.0
Chile,CHL,2020,1505486.0
Norway,NOR,2020,1490412.0
Myanmar,MMR,2020,1145018.0
Thailand,THA,2020,1012650.0
Japan,JPN,2020,998938.8
Ecuador,ECU,2020,774528.94
North Korea,PRK,2020,680300.0
Brazil,BRA,2020,630500.2
